TYPE,ID,TIME,AMT,DV_CENTRAL,DV_CENTRAL_FLAG
reset,1,0,100,0,0
dose,1,1,100,0,0
obs,1,7.22152181887,100,55.3986503177,1
obs,1,13.7633242874,100,43.5423043551,1
obs,1,19.4607360933,100,24.3960137842,1
obs,1,44.9645896939,100,3.06161955063,1
obs,1,48.3691740856,100,2.84311907493,1
reset,2,0,100,0,0
dose,2,1,100,0,0
obs,2,7.03200507014,100,48.1712193857,1
obs,2,17.4748654724,100,12.2481183673,1
obs,2,23.1174470533,100,10.3023118394,1
obs,2,27.6082839003,100,4.80634482798,1
obs,2,42.1724990798,100,1.05207861518,1
reset,3,0,100,0,0
dose,3,1,100,0,0
obs,3,7.34259330616,100,51.9618912963,1
obs,3,19.2775990359,100,15.6908058681,1
obs,3,22.9518444096,100,12.7633152298,1
obs,3,41.1990297929,100,1.27809198992,1
obs,3,43.1340566224,100,1.29410987552,1
reset,4,0,100,0,0
dose,4,1,100,0,0
obs,4,7.7401242716,100,51.4710150454,1
obs,4,12.2154779118,100,49.4692703785,1
obs,4,18.2506234183,100,23.8605080612,1
obs,4,30.1443958848,100,6.01518811967,1
obs,4,39.0624037749,100,2.29271604174,1
reset,5,0,100,0,0
dose,5,1,100,0,0
obs,5,8.16513439724,100,59.3323711854,1
obs,5,12.5398664436,100,31.7866598915,1
obs,5,29.1265769724,100,4.39414195487,1
obs,5,29.9035698779,100,5.2980340144,1
obs,5,42.7920892665,100,1.00863301169,1
reset,6,0,100,0,0
dose,6,1,100,0,0
obs,6,4.00222815613,100,81.7144578545,1
obs,6,13.0221411399,100,51.783337651,1
obs,6,17.6818019343,100,36.9315541286,1
obs,6,29.9308741633,100,12.1331507098,1
obs,6,49.2517082325,100,2.85437843861,1
reset,7,0,100,0,0
dose,7,1,100,0,0
obs,7,2.85081268861,100,92.1999144099,1
obs,7,20.853758996,100,19.3465914281,1
obs,7,37.9248734215,100,2.40135710771,1
obs,7,43.2159151958,100,2.91285176155,1
obs,7,46.057479842,100,2.45734825266,1
reset,8,0,100,0,0
dose,8,1,100,0,0
obs,8,9.37494143153,100,38.7024055595,1
obs,8,14.4550290986,100,39.9604041805,1
obs,8,17.8327678886,100,22.6803213146,1
obs,8,20.3382914784,100,13.722016068,1
obs,8,32.4416423435,100,7.41273680856,1
reset,9,0,100,0,0
dose,9,1,100,0,0
obs,9,6.78038935281,100,72.247033564,1
obs,9,20.6554298705,100,9.95789313639,1
obs,9,23.6553623805,100,6.43881041938,1
obs,9,30.918825236,100,2.14795763165,1
obs,9,43.6972110298,100,0.603802394252,1
reset,10,0,100,0,0
dose,10,1,100,0,0
obs,10,10.7933488932,100,34.3401683938,1
obs,10,17.7749154293,100,16.1111596171,1
obs,10,21.2876495663,100,21.9587745415,1
obs,10,30.2003407361,100,5.2686059328,1
obs,10,35.407033688,100,5.99566795639,1
reset,11,0,100,0,0
dose,11,1,100,0,0
obs,11,1.81068100173,100,96.5592052571,1
obs,11,5.70100482444,100,74.3576604687,1
obs,11,5.88710136742,100,76.3426101006,1
obs,11,24.5878405215,100,10.8644509618,1
obs,11,36.9952148746,100,2.2104747753,1
reset,12,0,100,0,0
dose,12,1,100,0,0
obs,12,25.3680102978,100,7.48952006829,1
obs,12,36.8969844544,100,3.07840284593,1
obs,12,38.1774938367,100,2.54157142197,1
obs,12,42.1010174111,100,1.8694157447,1
obs,12,44.9693296123,100,1.72012242081,1
reset,13,0,100,0,0
dose,13,1,100,0,0
obs,13,5.62859553235,100,65.6880980694,1
obs,13,7.79963777132,100,44.930006261,1
obs,13,24.1024184403,100,7.79189213854,1
obs,13,28.4722019609,100,4.5509758404,1
obs,13,47.1705605933,100,0.692854187038,1
reset,14,0,100,0,0
dose,14,1,100,0,0
obs,14,7.57086272329,100,41.2345233898,1
obs,14,8.63650595534,100,38.6403185156,1
obs,14,22.2409994791,100,14.2333820384,1
obs,14,31.9042780819,100,4.26509251389,1
obs,14,32.3388426622,100,3.8984651921,1
reset,15,0,100,0,0
dose,15,1,100,0,0
obs,15,5.19973598121,100,33.4961853945,1
obs,15,8.34141783678,100,33.345675691,1
obs,15,28.7390237572,100,2.86778051054,1
obs,15,34.4692687387,100,2.0505994045,1
obs,15,43.2678401566,100,0.834275846209,1
reset,16,0,100,0,0
dose,16,1,100,0,0
obs,16,7.86707659172,100,56.3619216978,1
obs,16,17.1479899284,100,24.8632451858,1
obs,16,24.3952678499,100,12.5425527567,1
obs,16,32.0696313813,100,5.41882566852,1
obs,16,42.5979749997,100,3.34940950226,1
reset,17,0,100,0,0
dose,17,1,100,0,0
obs,17,19.9629537343,100,13.839032521,1
obs,17,20.3570892238,100,13.2458916471,1
obs,17,31.3495461778,100,6.51937247884,1
obs,17,33.9474929501,100,4.8985836619,1
obs,17,40.6890356943,100,2.9850373314,1
reset,18,0,100,0,0
dose,18,1,100,0,0
obs,18,19.1487078018,100,21.7829537131,1
obs,18,27.6931786077,100,5.16195186787,1
obs,18,28.5841546586,100,6.6139510696,1
obs,18,49.2641624408,100,0.54546629751,1
obs,18,49.4585187186,100,0.714372802131,1
reset,19,0,100,0,0
dose,19,1,100,0,0
obs,19,3.173073096,100,88.6934398838,1
obs,19,13.2388329992,100,20.3385364777,1
obs,19,21.0818099263,100,10.9500545083,1
obs,19,41.0107339467,100,3.51971300009,1
obs,19,48.84611725,100,1.09823160631,1
reset,20,0,100,0,0
dose,20,1,100,0,0
obs,20,2.46444481003,100,111.65821171,1
obs,20,11.1871246681,100,39.4435711718,1
obs,20,13.2164847249,100,40.7041929332,1
obs,20,31.9091485755,100,4.70712463397,1
obs,20,33.2076132725,100,4.09537078284,1
