TYPE,ID,TIME,AMT,DV_CENTRAL,orig_data_row,DV_CENTRAL_FLAG
dose,1,2,100,0,0,0
obs,1,10.0120217722,100,0.967380190417,1,1
obs,1,11.0234536491,100,1.01601783889,2,1
obs,1,16.5024021745,100,1.07504166637,3,1
obs,1,28.818526425,100,0.536574944435,4,1
obs,1,46.551188548,100,0.397195418238,5,1
dose,2,2,100,0,0,0
obs,2,30.181690446,100,0.503085049298,1,1
obs,2,33.0056777467,100,0.586961255391,2,1
obs,2,33.0249236717,100,0.407391220384,3,1
obs,2,37.6964252392,100,0.496341715883,4,1
obs,2,48.261211467,100,0.339951246467,5,1
obs,3,1.41102659914,100,-0.0006854838962,0,1
dose,3,2,100,0,1,0
obs,3,6.21577445819,100,1.05256541246,2,1
obs,3,15.6364819747,100,1.18382165116,3,1
obs,3,37.6380256543,100,0.389630273996,4,1
obs,3,48.1040300676,100,0.252305922103,5,1
dose,4,2,100,0,0,0
obs,4,33.164147971,100,0.349070489895,1,1
obs,4,36.4605819991,100,0.284004951407,2,1
obs,4,40.6808150745,100,0.281068421839,3,1
obs,4,43.7366197725,100,0.229128456983,4,1
obs,4,48.2677322712,100,0.232470038037,5,1
dose,5,2,100,0,0,0
obs,5,16.9536491994,100,1.07160621549,1,1
obs,5,22.5425856884,100,0.593655272787,2,1
obs,5,23.9123513537,100,0.945469255798,3,1
obs,5,32.4812910669,100,0.608178788002,4,1
obs,5,36.1552274198,100,0.441281111752,5,1
dose,6,2,100,0,0,0
obs,6,9.37479863183,100,1.49506322404,1,1
obs,6,34.1668118769,100,0.481105013893,2,1
obs,6,36.7547650546,100,0.30952651101,3,1
obs,6,39.7503033745,100,0.331192339133,4,1
obs,6,49.7067147091,100,0.291993253325,5,1
dose,7,2,100,0,0,0
obs,7,2.20913431103,100,0.117507300079,1,1
obs,7,2.31561451371,100,0.16982816435,2,1
obs,7,25.0956186038,100,0.517848417073,3,1
obs,7,40.2181419523,100,0.153627491872,4,1
obs,7,45.2824043726,100,0.159962385769,5,1
dose,8,2,100,0,0,0
obs,8,3.54591971002,100,0.720374358178,1,1
obs,8,26.7865032001,100,1.00068965076,2,1
obs,8,30.2219345105,100,0.685338954048,3,1
obs,8,36.685042836,100,0.580326731713,4,1
obs,8,44.8593868746,100,0.413451396387,5,1
dose,9,2,100,0,0,0
obs,9,5.70245776148,100,0.452251145427,1,1
obs,9,11.7285521429,100,0.569765835012,2,1
obs,9,25.5109148889,100,0.770275406884,3,1
obs,9,40.6992810314,100,0.500589365226,4,1
obs,9,41.0991505581,100,0.379885683984,5,1
dose,10,2,100,0,0,0
obs,10,9.72459728829,100,1.02523622726,1,1
obs,10,13.6772340186,100,1.29024449086,2,1
obs,10,23.5092869276,100,0.674175063713,3,1
obs,10,23.9371819437,100,0.704940585126,4,1
obs,10,35.7659792302,100,0.441184799047,5,1
dose,11,2,100,0,0,0
obs,11,9.21936921054,100,1.53775152815,1,1
obs,11,27.0410443336,100,0.359477411294,2,1
obs,11,30.8651892417,100,0.351980555258,3,1
obs,11,38.6718820019,100,0.216561953791,4,1
obs,11,46.4803569067,100,0.135297109682,5,1
dose,12,2,100,0,0,0
obs,12,8.35899123878,100,1.65268348067,1,1
obs,12,19.4899027378,100,0.842393209095,2,1
obs,12,24.991708481,100,0.399893909621,3,1
obs,12,42.5814691869,100,0.272976464708,4,1
obs,12,45.643764203,100,0.221099998669,5,1
dose,13,2,100,0,0,0
obs,13,7.16623564754,100,0.46425780661,1,1
obs,13,10.2030837162,100,0.858458634281,2,1
obs,13,16.4592992664,100,0.984886387914,3,1
obs,13,19.8085873367,100,0.684088926152,4,1
obs,13,28.851313487,100,0.484016767437,5,1
dose,14,2,100,0,0,0
obs,14,29.1032916947,100,0.511577838419,1,1
obs,14,32.0686644797,100,0.447865259168,2,1
obs,14,34.6921944472,100,0.47727997704,3,1
obs,14,40.1807291794,100,0.369731895094,4,1
obs,14,48.6882690984,100,0.26202394688,5,1
dose,15,2,100,0,0,0
obs,15,18.2292099646,100,0.851978718292,1,1
obs,15,25.2753231791,100,0.491660290559,2,1
obs,15,25.6925267059,100,0.529401028296,3,1
obs,15,35.9972880587,100,0.268838830116,4,1
obs,15,44.5326645158,100,0.22252972543,5,1
dose,16,2,100,0,0,0
obs,16,12.0562427195,100,1.12696945669,1,1
obs,16,13.0037475719,100,1.21882200428,2,1
obs,16,25.2634483111,100,0.767543956129,3,1
obs,16,39.8472343024,100,0.426280617617,4,1
obs,16,45.8395899966,100,0.328167573073,5,1
dose,17,2,100,0,0,0
obs,17,13.3721371333,100,0.899623253597,1,1
obs,17,19.0044994259,100,1.10795955634,2,1
obs,17,27.1283792531,100,0.680995833247,3,1
obs,17,36.3222408506,100,0.450599898644,4,1
obs,17,47.3232198599,100,0.446811110065,5,1
dose,18,2,100,0,0,0
obs,18,12.1021773257,100,1.3739551923,1,1
obs,18,16.33371187,100,0.897968696401,2,1
obs,18,18.3247166906,100,1.25181642491,3,1
obs,18,25.4337737026,100,0.53100245029,4,1
obs,18,32.8917375445,100,0.409152813713,5,1
dose,19,2,100,0,0,0
obs,19,6.25882269785,100,0.921447835866,1,1
obs,19,38.6680369113,100,0.560221095015,2,1
obs,19,39.3100180652,100,0.459429674694,3,1
obs,19,42.7680646641,100,0.409203055031,4,1
obs,19,47.5453812674,100,0.412054562842,5,1
dose,20,2,100,0,0,0
obs,20,3.09304991248,100,0.876356697206,1,1
obs,20,17.4667029337,100,0.948724520336,2,1
obs,20,41.4926409139,100,0.16069557295,3,1
obs,20,45.0069311209,100,0.182586609214,4,1
obs,20,45.6255424423,100,0.161840300384,5,1
dose,21,2,100,0,0,0
obs,21,5.22493215101,100,0.690977904596,1,1
obs,21,8.0043059708,100,1.02536081541,2,1
obs,21,10.5939549554,100,1.17605806638,3,1
obs,21,15.4305647759,100,0.815510016041,4,1
obs,21,31.722994148,100,0.551501290742,5,1
dose,22,2,100,0,0,0
obs,22,26.2754994423,100,0.411370637497,1,1
obs,22,29.499315101,100,0.374921779405,2,1
obs,22,32.7207224828,100,0.349919923169,3,1
obs,22,34.7777251533,100,0.315829977475,4,1
obs,22,42.9746647287,100,0.262116871117,5,1
dose,23,2,100,0,0,0
obs,23,2.00552040818,100,0.00179637584801,1,1
obs,23,13.3684259953,100,1.00055249608,2,1
obs,23,22.6723909524,100,0.717004495548,3,1
obs,23,35.8446817998,100,0.354622573323,4,1
obs,23,45.1078244906,100,0.331565577295,5,1
dose,24,2,100,0,0,0
obs,24,24.9874791408,100,0.658569781273,1,1
obs,24,26.1471062551,100,0.541368514308,2,1
obs,24,32.9590456999,100,0.393489096915,3,1
obs,24,34.4354627737,100,0.458599433246,4,1
obs,24,48.0233896858,100,0.257289866081,5,1
dose,25,2,100,0,0,0
obs,25,4.53583420511,100,0.515622041151,1,1
obs,25,26.2781088363,100,0.783449469496,2,1
obs,25,28.8079066118,100,0.698088745014,3,1
obs,25,31.1469160025,100,0.768013994912,4,1
obs,25,46.3980183916,100,0.367760752092,5,1
dose,26,2,100,0,0,0
obs,26,5.77226510292,100,1.30896382679,1,1
obs,26,13.9575587542,100,0.953129731334,2,1
obs,26,21.3528043813,100,0.970784587723,3,1
obs,26,24.806366872,100,0.646292907576,4,1
obs,26,47.135768429,100,0.226119148453,5,1
dose,27,2,100,0,0,0
obs,27,2.45820653257,100,0.126723490971,1,1
obs,27,23.7684802802,100,0.678096659986,2,1
obs,27,35.019595631,100,0.390413816724,3,1
obs,27,36.1304085059,100,0.408308164159,4,1
obs,27,36.7607597413,100,0.513906079668,5,1
obs,28,1.73984339491,100,-0.00100621906211,0,1
dose,28,2,100,0,1,0
obs,28,9.094759289,100,1.20829461815,2,1
obs,28,21.3031998423,100,0.783066523936,3,1
obs,28,39.6795571874,100,0.361033961737,4,1
obs,28,45.5397827167,100,0.281704435735,5,1
dose,29,2,100,0,0,0
obs,29,8.64589087087,100,0.869711615243,1,1
obs,29,9.6878868578,100,0.745346967359,2,1
obs,29,16.326512105,100,0.855377377268,3,1
obs,29,18.8600240492,100,0.704832344224,4,1
obs,29,30.9363199852,100,0.541825777942,5,1
dose,30,2,100,0,0,0
obs,30,15.2146387538,100,1.01302935699,1,1
obs,30,21.1477284765,100,0.450998586729,2,1
obs,30,23.2457489196,100,0.524358846247,3,1
obs,30,29.6738014444,100,0.26347118874,4,1
obs,30,43.5265938813,100,0.125461668355,5,1
dose,31,2,100,0,0,0
obs,31,4.15757132808,100,0.735200309654,1,1
obs,31,10.7325570742,100,1.29572489826,2,1
obs,31,14.6843944046,100,1.72336497636,3,1
obs,31,34.9426927249,100,0.831880476329,4,1
obs,31,44.2490878137,100,0.482073607532,5,1
dose,32,2,100,0,0,0
obs,32,3.56041406392,100,0.585438062583,1,1
obs,32,29.394112349,100,0.420981259978,2,1
obs,32,42.8662648213,100,0.232184612158,3,1
obs,32,46.6524544904,100,0.285361294751,4,1
obs,32,47.7820019935,100,0.214560232907,5,1
dose,33,2,100,0,0,0
obs,33,2.0637399698,100,0.0808779307614,1,1
obs,33,19.307402723,100,0.611813602178,2,1
obs,33,21.2904982577,100,0.667271588642,3,1
obs,33,24.5443170658,100,0.342026662823,4,1
obs,33,30.5914544618,100,0.31055851638,5,1
dose,34,2,100,0,0,0
obs,34,20.634351158,100,0.511056372881,1,1
obs,34,33.9156876404,100,0.261101897337,2,1
obs,34,39.1967842076,100,0.250104666866,3,1
obs,34,39.9319323381,100,0.171711215668,4,1
obs,34,42.1044193215,100,0.227155381644,5,1
dose,35,2,100,0,0,0
obs,35,13.8619948521,100,0.927741855744,1,1
obs,35,36.8423806459,100,0.219524299903,2,1
obs,35,42.8120478518,100,0.187822315952,3,1
obs,35,44.7630912095,100,0.140362150451,4,1
obs,35,49.4706533615,100,0.102558704236,5,1
obs,36,1.00525556947,100,-0.00286801752898,0,1
dose,36,2,100,0,1,0
obs,36,18.4227156106,100,1.10293898695,2,1
obs,36,43.5299954505,100,0.298193059852,3,1
obs,36,44.2811850447,100,0.340927113023,4,1
obs,36,47.8325558458,100,0.295828103552,5,1
obs,37,1.81051105403,100,0.00058879818975,0,1
dose,37,2,100,0,1,0
obs,37,8.29336693464,100,1.51882481767,2,1
obs,37,9.20147881672,100,1.11143995386,3,1
obs,37,16.3894328057,100,1.04780674076,4,1
obs,37,49.770492555,100,0.115712719856,5,1
obs,38,1.49922259014,100,1.14477138521e-05,0,1
dose,38,2,100,0,1,0
obs,38,4.40695364156,100,0.679216900862,2,1
obs,38,23.9890988072,100,0.596909710368,3,1
obs,38,35.5681984912,100,0.286874447623,4,1
obs,38,38.170029809,100,0.352814918183,5,1
dose,39,2,100,0,0,0
obs,39,2.16147795771,100,0.0365524992616,1,1
obs,39,8.32890313555,100,0.764581307818,2,1
obs,39,38.3411247738,100,0.455052778185,3,1
obs,39,38.9663692804,100,0.41424502847,4,1
obs,39,39.9158494097,100,0.439232748099,5,1
dose,40,2,100,0,0,0
obs,40,11.9598388148,100,1.27387987455,1,1
obs,40,13.2464190068,100,1.51755924107,2,1
obs,40,13.8465454905,100,1.26287335418,3,1
obs,40,23.386605636,100,0.937161763814,4,1
obs,40,28.8458945179,100,0.583691625069,5,1
dose,41,2,100,0,0,0
obs,41,19.185464849,100,0.710381384777,1,1
obs,41,19.5268773144,100,0.772398684652,2,1
obs,41,22.1907907052,100,0.596785558773,3,1
obs,41,41.7983396374,100,0.273819137202,4,1
obs,41,42.5002068486,100,0.339837308244,5,1
dose,42,2,100,0,0,0
obs,42,2.98711032438,100,0.190832183111,1,1
obs,42,19.5440755934,100,0.73780752923,2,1
obs,42,23.1110658977,100,0.754233078263,3,1
obs,42,28.1789028126,100,0.481300938226,4,1
obs,42,36.5397478596,100,0.381365961203,5,1
dose,43,2,100,0,0,0
obs,43,23.6498515087,100,0.754803819662,1,1
obs,43,23.9964199856,100,0.710732355823,2,1
obs,43,28.5695280216,100,0.607592078989,3,1
obs,43,33.398767623,100,0.480956674103,4,1
obs,43,42.1924622897,100,0.382099728094,5,1
dose,44,2,100,0,0,0
obs,44,10.5468925468,100,1.20446548493,1,1
obs,44,11.8721509281,100,1.27036453022,2,1
obs,44,19.7024223461,100,0.948962316774,3,1
obs,44,31.5582103289,100,0.431119695381,4,1
obs,44,36.910292721,100,0.304932295241,5,1
dose,45,2,100,0,0,0
obs,45,8.45481405052,100,0.838548392082,1,1
obs,45,13.2120275462,100,0.899973110867,2,1
obs,45,13.5151748858,100,1.36451607109,3,1
obs,45,14.2869759649,100,1.05657384988,4,1
obs,45,38.7973115059,100,0.588043051781,5,1
dose,46,2,100,0,0,0
obs,46,7.24962684738,100,1.03184846845,1,1
obs,46,21.2274424853,100,0.81792876965,2,1
obs,46,33.3308623378,100,0.34985713398,3,1
obs,46,33.5931905128,100,0.540519595521,4,1
obs,46,33.7206205555,100,0.434080350266,5,1
dose,47,2,100,0,0,0
obs,47,2.82012661048,100,0.215701781086,1,1
obs,47,6.87857230385,100,0.77706152834,2,1
obs,47,10.8599878104,100,1.26975795543,3,1
obs,47,11.8793291985,100,1.10624950511,4,1
obs,47,15.963505922,100,0.989405700698,5,1
dose,48,2,100,0,0,0
obs,48,2.67244759268,100,0.155660939068,1,1
obs,48,12.1893316168,100,1.09216076875,2,1
obs,48,12.2943308478,100,0.871533656384,3,1
obs,48,31.6206204743,100,0.513212311723,4,1
obs,48,44.7354980879,100,0.300893809219,5,1
dose,49,2,100,0,0,0
obs,49,10.6080074094,100,0.765742622107,1,1
obs,49,16.2116657927,100,0.840754066638,2,1
obs,49,18.7910874047,100,0.947918751704,3,1
obs,49,36.3511121628,100,0.709659202347,4,1
obs,49,39.2066727959,100,0.572329398753,5,1
dose,50,2,100,0,0,0
obs,50,18.0967850664,100,0.965202079023,1,1
obs,50,28.5249660086,100,0.70347506841,2,1
obs,50,40.1859988784,100,0.709568221261,3,1
obs,50,41.0472853076,100,0.546138253524,4,1
obs,50,46.8390981037,100,0.512692271817,5,1
